rank,image_id,attributed_likes,note_like_likes,comment_like_likes,evidence_count,representative_url,top_source_kind,top_source_note_type,top_source_likes,top_source_note_id,top_source_title,top_source_link,top_source_comment_id,top_source_comment_user,top_source_text
1,1040g3k031lhf4tft4s705n6rrqu60mdfvtoccqo,2785,2785,0,1,http://sns-webpic-qc.xhscdn.com/202604302251/83ebf823b6222b39b641a41ce2f55887/notes_pre_post/1040g3k031lhf4tft4s705n6rrqu60mdfvtoccqo!nd_dft_wlteh_webp_3,note_single_image,normal,2785,68a9c736000000001d00eaa9,至此，全员毕业，又是一个时代的完结,https://www.xiaohongshu.com/explore/68a9c736000000001d00eaa9?xsec_token=AB51S7j1lOUpKEjDNrW5CE0siaH24W5Do4ABmG0Of3luU=&xsec_source=pc_search,,,"随着今天段艺璇毕业，五选的选拔全部毕业或者退团了，除了kiki还在公司但也是独立艺人了，这张电梯神图也正式毕业了😭
#段艺璇[话题]# #李艺彤[话题]# #黄婷婷[话题]# #陆婷[话题]# #冯薪朵[话题]# #林思意[话题]# #赵粤[话题]# #许佳琪[话题]# #莫寒[话题]# #戴萌[话题]# #张语格[话题]# #谢蕾蕾[话题]# #苏杉杉[话题]# #吴哲晗[话题]# #钱蓓婷[话题]#"
2,1040g3k031s9jdumol6005nooa6ng92tmgf3lveo,1192,1192,0,1,http://sns-webpic-qc.xhscdn.com/202604302302/6dd8ec55a38b712aa0e3a10f114de69d/notes_pre_post/1040g3k031s9jdumol6005nooa6ng92tmgf3lveo!nd_dft_wlteh_webp_3,note_single_image,normal,1192,69871555000000000a02a12e,黄婷婷至今没有称帝,https://www.xiaohongshu.com/explore/69871555000000000a02a12e?xsec_token=ABsI8RTvQ7xjBhTboOg37xPCKDooL-cdR4XcElHmY1zmU=&xsec_source=pc_search,,,"因为她忘不了鞠婧祎那一双忧郁的眼睛
	
谁来写婷婷与祎
考古实在好磕！
	
#黄婷婷x鞠婧祎[话题]##黄婷婷[话题]##鞠婧祎[话题]#"
3,1040g00831pg9grkv2c005p45g0r9em30cmoj44o,794,794,0,1,http://sns-webpic-qc.xhscdn.com/202604301502/323b6f123dd26682c12cf1e061307bb7/1040g00831pg9grkv2c005p45g0r9em30cmoj44o!nd_dft_wlteh_webp_3,note_single_image,normal,794,692b0267000000001e00e006,黄婷婷在团期间全公式照,https://www.xiaohongshu.com/explore/692b0267000000001e00e006?xsec_token=ABdflYI2CkxeI6QC4QvRzwUvY-wpSRKHxGIPNj93VC3uc=&xsec_source=pc_search,,,从稚嫩走向成熟，来时路[亲一个R]#黄婷婷[话题]##kotete[话题]# #snh48黄婷婷[话题]#
4,1040g2h031oq94a0nha0g5q5ovbh6bp2lgu68ov0,775,0,775,1,http://sns-webpic-qc.xhscdn.com/202604301454/5b717a615e7173e80ad3a4189558eb36/comment/1040g2h031oq94a0nha0g5q5ovbh6bp2lgu68ov0!nd_whgt34_webp_wm_1,comment_single_image,normal,775,69146586000000000400597d,,https://www.xiaohongshu.com/explore/69146586000000000400597d?xsec_token=ABPtUueJzlNrMMCs9Mu-4mYZjWD0w8GKsVVcst1aKLx_4=&xsec_source=pc_search,69151c030000000038030a8c,momo,放一张黑长直
5,1040g3k031u4e09hmia005nsap2n0bnn1emsrrrg,759,759,0,1,http://sns-webpic-qc.xhscdn.com/202604301455/302da3950fbe1e934b75c8747e13dc71/notes_pre_post/1040g3k031u4e09hmia005nsap2n0bnn1emsrrrg!nd_dft_wlteh_webp_3,note_single_image,normal,759,699a6e1e000000001a021940,网友真是什么都能考古出来…,https://www.xiaohongshu.com/explore/699a6e1e000000001a021940?xsec_token=ABcU9jHa3jJuEEog1uAI7uw2VXcSfo1u4TabXEUgrcbmQ=&xsec_source=pc_search,,,#黄英[话题]# #黄婷婷[话题]# #卡黄[话题]#
6,1040g4b831v5u24nf2qk049vljk1bb8snugdm228,715,0,715,1,http://sns-webpic-qc.xhscdn.com/202604301508/047daf2d1b7c0f9cace1424003da2300/comment/1040g4b831v5u24nf2qk049vljk1bb8snugdm228!nd_whgt34_webp_wm_1,comment_single_image,normal,715,69e490bc0000000023013a66,王格格直接手动闭麦了🤣🤣,https://www.xiaohongshu.com/explore/69e490bc0000000023013a66?xsec_token=ABfLofzTEpm7X_7AFIRrxTGubaAtU9lzFgChHlbZu_9CY=&xsec_source=pc_search,69e5a055000000001401880e,童童ㄊㄨㄥㄊㄨㄥ,挠头那一下，我直接笑喷了
7,1040g2h031opski07h0005pg84ibipo2v7l3ku20,494,0,494,1,http://sns-webpic-qc.xhscdn.com/202604301454/e7e8a18a5974acae53ab06b663a15e75/comment/1040g2h031opski07h0005pg84ibipo2v7l3ku20!nd_whgt34_webp_wm_1,comment_single_image,normal,494,69146586000000000400597d,,https://www.xiaohongshu.com/explore/69146586000000000400597d?xsec_token=ABPtUueJzlNrMMCs9Mu-4mYZjWD0w8GKsVVcst1aKLx_4=&xsec_source=pc_search,6914af49000000003903164e,嘉禾🌻,这一幕太美了！！！！
8,1040g3k831uhvj3lu1u7040p9bmt0cnkgpugjh9g,420,420,0,1,http://sns-webpic-qc.xhscdn.com/202604302316/fd240b7033d446cf85d97a2d0864b308/notes_pre_post/1040g3k831uhvj3lu1u7040p9bmt0cnkgpugjh9g!nd_dft_wlteh_webp_3,note_single_image,normal,420,69d132da000000001d01fd63,黄婷婷还是太厉害了，争气争气,https://www.xiaohongshu.com/explore/69d132da000000001d01fd63?xsec_token=ABsKdwxplzI3MgkvaLsOPD7E1kdP-lsz3aA7iE3NBZxPo=&xsec_source=pc_search,,,"第一次见还是《被隐匿的真相》王以沫，真的演的很好。就像王青说的，可能她不是最适合王以沫的那个人，但是婷婷演完，已经想象不到别人演王以沫的样子，给婷婷加油👏
#黄婷婷[话题]# #被隐匿的真相[话题]#"
9,1040g2h031mp2ft0b6g6g5nl3qcl094oh5vsf1ko,370,0,370,1,http://sns-webpic-qc.xhscdn.com/202604301454/eaff597b3555b6a034d1e06d92e93e52/comment/1040g2h031mp2ft0b6g6g5nl3qcl094oh5vsf1ko!nd_whlt34_webp_wm_1,comment_single_image,normal,370,68d24f000000000013015a88,回乡这样拍 田间也能出片！,https://www.xiaohongshu.com/explore/68d24f000000000013015a88?xsec_token=ABqpEFKzMTDhLx7A0MbsNXlFKnW2Q76YQLpFRnHKVrKxU=&xsec_source=pc_search,68d24fe3000000000b0257d4,翘课huuu,出片的核心出装[扯脸H][扯脸H]
10,1040g4b831vcp8pi52a905np8qfs09fcrob89leo,367,0,367,1,http://sns-webpic-qc.xhscdn.com/202604302336/3481a859b2ce4da11e413f5ad9fa0033/comment/1040g4b831vcp8pi52a905np8qfs09fcrob89leo!nd_whgt34_webp_wm_1,comment_single_image,normal,367,69ecbf4a000000003701ed6f,这组美图我不允许有人没看到,https://www.xiaohongshu.com/explore/69ecbf4a000000003701ed6f?xsec_token=ABy4-OWrPGTpZ2QWVwT40R8vpbouoyDh9TgXf-y4uXKUs=&xsec_source=pc_search,69ecc319000000002b0014a5,aoiaue_,不要对我使用 美人记   不然我会将计就计(⩌⩊⩌)
11,1040g4b831vbm4mks2ia05p6fnunjkv5fjikr470,365,0,365,1,http://sns-webpic-qc.xhscdn.com/202604302336/df7f82a142e432157ac2a9b97c4b99b9/comment/1040g4b831vbm4mks2ia05p6fnunjkv5fjikr470!nd_whlt34_webp_wm_1,comment_single_image,normal,365,69ecbf4a000000003701ed6f,这组美图我不允许有人没看到,https://www.xiaohongshu.com/explore/69ecbf4a000000003701ed6f?xsec_token=ABy4-OWrPGTpZ2QWVwT40R8vpbouoyDh9TgXf-y4uXKUs=&xsec_source=pc_search,69ecd2d700000000290360bb,荷花什么时候开,时间到底给她带来了什么[哭惹R]
12,1040g2h031q2pppfbng005nbv0rq08c4vnds0dmg,350,0,350,1,http://sns-webpic-qc.xhscdn.com/202604301513/91333bb0ad5f92823ecb54106efb840d/comment/1040g2h031q2pppfbng005nbv0rq08c4vnds0dmg!nd_whlt34_webp_wm_1,comment_single_image,normal,350,693e8b43000000000d03bd30,雪天氛围照就这么拍,https://www.xiaohongshu.com/explore/693e8b43000000000d03bd30?xsec_token=ABH-ZT2EvT7gZez6OYf_5cXUX8ozOf6Yn9Df-bxUT1OwA=&xsec_source=pc_search,693e93f40000000016025832,出逃一个礼拜,多多和这个摄影师玩 拍的太漂亮了
13,1040g3k831pr4rll84mdg5nkd4qn08roevm24rco,268,268,0,1,http://sns-webpic-qc.xhscdn.com/202604302322/4d632565a6bfe61b56e0faf7ff19147d/notes_pre_post/1040g3k831pr4rll84mdg5nkd4qn08roevm24rco!nd_dft_wgth_webp_3,note_single_image,normal,268,6936bd66000000001e02f4e7,,https://www.xiaohongshu.com/explore/6936bd66000000001e02f4e7?xsec_token=ABOyKkfJjn1iG0S_s3O8e-7rOpsMk_v7P93tkttFvbJeQ=&xsec_source=pc_search,,,孩子刚入坑，求老粉指路，补补课#笑颜一番黄婷婷[话题]# #黄婷婷[话题]#
14,1040g4b831ve3706niad05nlj0ql087j55furtho,264,0,264,1,http://sns-webpic-qc.xhscdn.com/202604301455/9c5cdc66a047bc90b98031aaa445c1e1/comment/1040g4b831ve3706niad05nlj0ql087j55furtho!nd_whgt34_webp_wm_1,comment_single_image,normal,264,69edf8c9000000003601b623,去感受每一个瞬间～,https://www.xiaohongshu.com/explore/69edf8c9000000003601b623?xsec_token=ABY_EXAoNVR7WGZmKFgLHqVq21VCQKJGJRNwREO1ZuSQ8=&xsec_source=pc_search,69edfbb000000000290106c1,momo,明晚8点欧诗漫直播间，大家都来支持呀
15,1040g3k831uou2k9kia7g4b8o6a7u0a1emad5568,260,260,0,1,http://sns-webpic-qc.xhscdn.com/202604302320/8aa4c45f302df45dc423fd6f8aebf22e/notes_pre_post/1040g3k831uou2k9kia7g4b8o6a7u0a1emad5568!nd_dft_wlteh_webp_3,note_single_image,normal,260,69d850bf000000001a02d3c1,,https://www.xiaohongshu.com/explore/69d850bf000000001a02d3c1?xsec_token=AB9EzNzsaJk-Oa879Z4p8JtwGMJB4yk540N3CPjDIPlvI=&xsec_source=pc_search,,,"#黄婷婷无限超越班[话题]## 黄婷婷从《沙尘暴》到《被隐匿的真相》，每一个角色都用心诠释，每一次演绎都全力以赴。愿演员黄婷婷@黄婷婷 在节目中绽放光芒，前程似锦，未来可期！
#成都聚氧文化[话题]# #中庭环屏[话题]# #环屏打卡[话题]#"
16,1040g4b831ujuvpk62od05nkl3ea0825q7sr07m8,227,0,227,1,http://sns-webpic-qc.xhscdn.com/202604302243/0421f82d8f4e0301f51ec1f4e5147e07/comment/1040g4b831ujuvpk62od05nkl3ea0825q7sr07m8!nd_whlt34_webp_wm_1,comment_single_image,normal,227,69d251dc000000001f003dd4,建设婷婷家族🤓,https://www.xiaohongshu.com/explore/69d251dc000000001f003dd4?xsec_token=ABfebywJ7FVobHwd4cJOl5B1cAcHBwsWFK8_Xc64R1BX8=&xsec_source=pc_search,69d339c2000000000d012f92,前前前前面的小龙人,婷婷亲弟黄奉贤[doge]
17,1040g2h0319k64gr3nc604a0jkrhmnm1gvp32j70,213,0,213,1,http://sns-webpic-qc.xhscdn.com/202604302339/d301298a3fb013cafffaad3dc0c76986/comment/1040g2h0319k64gr3nc604a0jkrhmnm1gvp32j70!nd_whgt34_webp_wm_1,comment_single_image,normal,213,672312c20000000019017937,令人心动的offer,https://www.xiaohongshu.com/explore/672312c20000000019017937?xsec_token=ABbkASDBYhJ58f_Mt6z_eztmRonU8CjZ2QMQOoxf5Wnak=&xsec_source=pc_search,6723541d000000001b021798,用户已注销,在这个吗
18,1040g4b831vcp8pi52abg5np8qfs09fcrce1mivg,209,0,209,1,http://sns-webpic-qc.xhscdn.com/202604302336/254dd2b368d054dadff3cda8f60a4f86/comment/1040g4b831vcp8pi52abg5np8qfs09fcrce1mivg!nd_whgt34_webp_wm_1,comment_single_image,normal,209,69ecbf4a000000003701ed6f,这组美图我不允许有人没看到,https://www.xiaohongshu.com/explore/69ecbf4a000000003701ed6f?xsec_token=ABy4-OWrPGTpZ2QWVwT40R8vpbouoyDh9TgXf-y4uXKUs=&xsec_source=pc_search,69ecc34b000000002a025389,aoiaue_,我们天坛女神也太神了[色色R]
19,1040g2h031saim0f8ls6g5pvg16ii2js90nhr4f0,190,0,190,1,http://sns-webpic-qc.xhscdn.com/202604302302/b13bbede5ebb7d92db09c2c3b253970f/comment/1040g2h031saim0f8ls6g5pvg16ii2js90nhr4f0!nd_whlt34_webp_wm_1,comment_single_image,normal,190,69871555000000000a02a12e,黄婷婷至今没有称帝,https://www.xiaohongshu.com/explore/69871555000000000a02a12e?xsec_token=ABsI8RTvQ7xjBhTboOg37xPCKDooL-cdR4XcElHmY1zmU=&xsec_source=pc_search,69881402000000000f02cb48,Altolia,婷鞠一直都很好磕啊
20,1040g3k831t8mp4ug56dg5opgfif8vbt65jup92o,182,182,0,1,http://sns-webpic-qc.xhscdn.com/202604302305/0528e68990f10db0a752ac3163f3053e/notes_pre_post/1040g3k831t8mp4ug56dg5opgfif8vbt65jup92o!nd_dft_wlteh_webp_3,note_single_image,normal,182,69a6ef2800000000220311a4,黄婷婷这种人不得不防,https://www.xiaohongshu.com/explore/69a6ef2800000000220311a4?xsec_token=ABaaaP3t3BHICZcJJV7Uxfx3yWxiMsHCDlgst6GESyxwM=&xsec_source=pc_search,,,"自从这个黄婷婷上周突袭直播开始，已对此人狠狠设防。
比如今天都这个点了还是觉得她会闪现以至于干什么都心不在焉啊啊啊[完啦R]
黄婷婷果然不是一个好懂的女人[叹气R]
#黄婷婷[话题]#"
21,1040g4b831uqrc99piqdg4a7nfsv28crtrdts928,159,0,159,1,http://sns-webpic-qc.xhscdn.com/202604301510/8039b77e142b4684a19be9b5f8a72e4f/comment/1040g4b831uqrc99piqdg4a7nfsv28crtrdts928!nd_whgt34_webp_wm_1,comment_single_image,video,159,69da3fcf00000000220013c3,TT's好物分享,https://www.xiaohongshu.com/explore/69da3fcf00000000220013c3?xsec_token=AB0HHaWMmTNJmRFVs-iy8DVMOca7QFtjnPFmZDt68wGPI=&xsec_source=pc_search,69da46c40000000014009f9d,犹不已,[扯脸H]咋这么可爱捏！！！
22,1040g2h031st8e6395k6044ssd187lkv30ad1avg,146,0,146,1,http://sns-webpic-qc.xhscdn.com/202604301455/652bb8e9b53ea28acf1ec6a6be719355/comment/1040g2h031st8e6395k6044ssd187lkv30ad1avg!nd_whlt34_webp_wm_1,comment_single_image,normal,146,699a6e1e000000001a021940,网友真是什么都能考古出来…,https://www.xiaohongshu.com/explore/699a6e1e000000001a021940?xsec_token=ABcU9jHa3jJuEEog1uAI7uw2VXcSfo1u4TabXEUgrcbmQ=&xsec_source=pc_search,699b34d2000000000f02e45a,k2316,她俩只要还在这个圈里，就不可能彻底避开对方（比如浪姐里的小婉也认识婷婷[doge]）
23,1040g2h031laspooiks005pbnvjp6dqsulv0a770,144,0,144,1,http://sns-webpic-qc.xhscdn.com/202604301504/299f2c55a13b22b72318ab8515b7c952/comment/1040g2h031laspooiks005pbnvjp6dqsulv0a770!nd_whgt34_webp_wm_1,comment_single_image,normal,144,68a2bdbc000000001d0199f5,我和夏天一样热烈🌞,https://www.xiaohongshu.com/explore/68a2bdbc000000001d0199f5?xsec_token=AB-Zvk-yCNKvL19Farzy7_czzJ_KdGfhhcDJ-nB3ys41s=&xsec_source=pc_search,68a306a30000000030007862,猫奴8号碎碎念,你和夏天一样阳光明媚！出道十二周年快乐🎉我和小狗一样只会追着你汪汪叫  祝姐姐天天开心呀～
24,1040g2h031uhvmoab2a005npiid3092nsq7vtmro,144,0,144,1,http://sns-webpic-qc.xhscdn.com/202604302332/cc1ddca8b59759e21ca1981f3a632414/comment/1040g2h031uhvmoab2a005npiid3092nsq7vtmro!nd_whgt34_webp_wm_1,comment_single_image,video,144,69d12ea2000000001d01ac44,不许笑我,https://www.xiaohongshu.com/explore/69d12ea2000000001d01ac44?xsec_token=ABsKdwxplzI3MgkvaLsOPD7GE6PT75Ak09ms8G3hBe9U4=&xsec_source=pc_search,69d132eb0000000014009c7e,y.,好像🤔
25,1040g2h031givtu2u38605ng7ae4g885rr0dkml0,142,0,142,1,http://sns-webpic-qc.xhscdn.com/202604301459/4abce8c4cceb075a301351f6fe09666c/comment/1040g2h031givtu2u38605ng7ae4g885rr0dkml0!nd_whlt34_webp_wm_1,comment_single_image,normal,142,680732c8000000000f038b07,黄婷婷,https://www.xiaohongshu.com/explore/680732c8000000000f038b07?xsec_token=ABg3GPFDiVK9lRP9waK0zJ-JvE5Mtv4SV_198MdTQO3-c=&xsec_source=pc_search,68077a64000000001f0039a0,潇由,另外婷婷的笑颜真的是一番。国美时期的失恋阵线联盟我也就看了无数遍。真的很好看[哭惹R]，早期甜妹真的很甜，现在也很姐1[萌萌哒R]
26,1040g4b831ui1bn7r2i8g5oj056fk0ishn7shef8,135,0,135,1,http://sns-webpic-qc.xhscdn.com/202604302254/cea107c7652ab369c3e0befcfbbfd044/comment/1040g4b831ui1bn7r2i8g5oj056fk0ishn7shef8!nd_whlt34_webp_wm_1,comment_single_image,normal,135,69d135be000000002301c4fb,无限四第1期最棒的两个人,https://www.xiaohongshu.com/explore/69d135be000000002301c4fb?xsec_token=ABsKdwxplzI3MgkvaLsOPD7D0HoWjNyJqIUT8DYmBjOh8=&xsec_source=pc_search,69d14739000000001803ad27,哈踢踢呀,黄婷婷全肯定[棒R]
27,1040g2h031oqj0cr0hq6g5p5egl42qp7ilfplnsg,123,0,123,1,http://sns-webpic-qc.xhscdn.com/202604301454/ce5b7edfdf6fd579c5b063c8b929c92f/comment/1040g2h031oqj0cr0hq6g5p5egl42qp7ilfplnsg!nd_whlt34_webp_wm_1,comment_single_image,normal,123,69146586000000000400597d,,https://www.xiaohongshu.com/explore/69146586000000000400597d?xsec_token=ABPtUueJzlNrMMCs9Mu-4mYZjWD0w8GKsVVcst1aKLx_4=&xsec_source=pc_search,6915668a000000003802f194,coisini,美啊，美的人神共愤啊
28,1040g4b831u6dgkcr1scg5p1l14oqafotvvv4ig8,123,0,123,1,http://sns-webpic-qc.xhscdn.com/202604302334/48a161e73d50324688fb609c9517107c/comment/1040g4b831u6dgkcr1scg5p1l14oqafotvvv4ig8!nd_whgt34_webp_wm_1,comment_single_image,video,123,69c50a04000000001a02a233,复仇摇,https://www.xiaohongshu.com/explore/69c50a04000000001a02a233?xsec_token=ABBskLpQ7hmjYizAdSBnKgcNkgLofibJz6mw0Phvnvktk=&xsec_source=pc_search,69c55a50000000000103d395,不近人,笑晕了哈哈哈哈哈哈哈哈
29,1040g2h031tq0pam2ne5g5okie3clavjri5u8f30,91,0,91,1,http://sns-webpic-qc.xhscdn.com/202604302254/2f1c987c47b52e27408d2d1c0892960c/comment/1040g2h031tq0pam2ne5g5okie3clavjri5u8f30!nd_whgt34_webp_wm_1,comment_single_image,normal,91,69b857be0000000023014ab4,很努力的踢踢呀,https://www.xiaohongshu.com/explore/69b857be0000000023014ab4?xsec_token=ABcsTf2PHXiKaTI_G92k_FeAk9uzkmpA0U6-AKhQXhHyk=&xsec_source=pc_search,69b8a850000000001803a478,momo,孩子在学校表现好，我们做父母的就放心了
30,1040g2h031l2mur0cj6005pjotto1og9j6rc1ks0,79,0,79,1,http://sns-webpic-qc.xhscdn.com/202604301457/702c6cd00ac0ecd1513a5a80a67a0cf1/comment/1040g2h031l2mur0cj6005pjotto1og9j6rc1ks0!nd_whgt34_webp_wm_1,comment_single_image,normal,79,68999edb000000002203b891,,https://www.xiaohongshu.com/explore/68999edb000000002203b891?xsec_token=ABgK8dxy_XUaUfr5a30WykCLqAU9TqgGVsgJ0XxozP07o=&xsec_source=pc_search,689aa5a1000000002a004848,自由行zZ,tts～
31,1040g2h031q2oqm087g605nmtgtb08i25gfifadg,77,0,77,1,http://sns-webpic-qc.xhscdn.com/202604301513/a8d30346a34087e4f8fcfa179d178926/comment/1040g2h031q2oqm087g605nmtgtb08i25gfifadg!nd_whgt34_webp_wm_1,comment_single_image,normal,77,693e8b43000000000d03bd30,雪天氛围照就这么拍,https://www.xiaohongshu.com/explore/693e8b43000000000d03bd30?xsec_token=ABH-ZT2EvT7gZez6OYf_5cXUX8ozOf6Yn9Df-bxUT1OwA=&xsec_source=pc_search,693e8bfd000000003800b056,郑郑郑某人,踢踢这是我给你p的圣诞帽[害羞R]，在网上也要注意保暖哦
32,1040g2h031j9dun0uj4604a6u75ts8vqiaev8or8,72,0,72,1,http://sns-webpic-qc.xhscdn.com/202604302249/0da8b27e01be0b9d7da436a688363ab5/comment/1040g2h031j9dun0uj4604a6u75ts8vqiaev8or8!nd_whgt34_webp_wm_1,comment_single_image,normal,72,685ffa2300000000170314f8,,https://www.xiaohongshu.com/explore/685ffa2300000000170314f8?xsec_token=ABC4qwdF6O2fdPO5L5DdGa4Yf60LaSwsWLdTAb9kg72_A=&xsec_source=pc_search,685ffda90000000020010ba7,牛奶🥛不加糖,真青春无敌的女大！！
33,1040g2h031q9gqk2inu005o2kgh10bnh3adcrf20,69,0,69,1,http://sns-webpic-qc.xhscdn.com/202604301507/27f55283ed15602e0ffabb9425fd624d/comment/1040g2h031q9gqk2inu005o2kgh10bnh3adcrf20!nd_whgt34_webp_wm_1,comment_single_image,normal,69,6945711f000000001e02f379,迷上黄婷婷了~,https://www.xiaohongshu.com/explore/6945711f000000001e02f379?xsec_token=ABVefp1SpD1l9pl1F8Ps2V24-6dcZ-6Q_zP6YFGBJ5AyE=&xsec_source=pc_search,69457572000000003802d229,致鸢尾花,最喜欢的一张 完全甜豆
34,1040g2h031174ng01me505nivoteg8f1leh2fem0,69,0,69,1,http://sns-webpic-qc.xhscdn.com/202604302343/b1ddf3716d48531a17f51bdbd3a81a06/comment/1040g2h031174ng01me505nivoteg8f1leh2fem0!nd_whgt34_webp_wm_1,comment_single_image,normal,69,660e5ac00000000004019f7d,20万人看过的胶片调色教程,https://www.xiaohongshu.com/explore/660e5ac00000000004019f7d?xsec_token=ABaPrzdwWzmvL3QgWrXbahzSa-dA_udSrVL3GqoFj2DTY=&xsec_source=pc_search,660fd2da000000001503bb63,拍大王约拍小助理,前几天拍了类似的！[仙女R][仙女R]
35,1040g2h031lqm7r3e5e005ne61690965buv09o6g,65,0,65,1,http://sns-webpic-qc.xhscdn.com/202604302252/30406e112b99bd18d72733ce7297096f/comment/1040g2h031lqm7r3e5e005ne61690965buv09o6g!nd_whgt34_webp_wm_1,comment_single_image,normal,65,68b31d48000000001c00be95,,https://www.xiaohongshu.com/explore/68b31d48000000001c00be95?xsec_token=ABWRJKHfTH9rlepyrO76ShbMeTnsrZCF5izAFXUuV2b4Q=&xsec_source=pc_search,68b33333000000000101361d,妹妹的钟,小四拍的这组特别有接姐姐下班的感觉[doge]
36,1040g2h031l5dqibfioe048u7q5b464eofia2opg,63,0,63,1,http://sns-webpic-qc.xhscdn.com/202604301457/bd05b50abd14c129fa62bfe93b2a1043/comment/1040g2h031l5dqibfioe048u7q5b464eofia2opg!nd_whlt34_webp_wm_1,comment_single_image,normal,63,68999edb000000002203b891,,https://www.xiaohongshu.com/explore/68999edb000000002203b891?xsec_token=ABgK8dxy_XUaUfr5a30WykCLqAU9TqgGVsgJ0XxozP07o=&xsec_source=pc_search,689d6d3d000000002700c2c3,今天吃什么？,comment
37,1040g2h031e0fc9odgs605p459te7ot6q6a6i5gg,57,0,57,1,http://sns-webpic-qc.xhscdn.com/202604302317/2fa6259d75bb1bc5f3c2593113645d75/comment/1040g2h031e0fc9odgs605p459te7ot6q6a6i5gg!nd_whgt34_webp_wm_1,comment_single_image,normal,57,67b1e5d6000000002901341f,谁在2025嗑帝后,https://www.xiaohongshu.com/explore/67b1e5d6000000002901341f?xsec_token=ABmrxlea-yFxzE7EHNLLa5K9Jd-nG6gYyBNKHNj5fYQ5M=&xsec_source=pc_search,67b2faff000000001601c476,无灵拼图,comment
38,1040g4b831uukfmhvia6g5psecfa3jpe285rcrm0,52,0,52,1,http://sns-webpic-qc.xhscdn.com/202604302345/8f97c8ab52a01cebf33c171dab6ebce4/comment/1040g4b831uukfmhvia6g5psecfa3jpe285rcrm0!nd_whgt34_webp_wm_1,comment_single_image,normal,52,69de0b4300000000230058d3,☀️,https://www.xiaohongshu.com/explore/69de0b4300000000230058d3?xsec_token=ABmCDCyxBCMEvGxPj9dOgibWmH4Q8zMbB-0Zze3PHskuI=&xsec_source=pc_search,69de26df0000000035025004,Daisy,173大美女好美丽！
39,1040g2h031uevi6mn2i6g5odbi1t41o4t9rr418g,51,0,51,1,http://sns-webpic-qc.xhscdn.com/202604302251/0fd7ede2ccc72cf76ebf68ce5fa3f61a/comment/1040g2h031uevi6mn2i6g5odbi1t41o4t9rr418g!nd_whgt34_webp_wm_1,comment_single_image,normal,51,69ccdb23000000002003944c,,https://www.xiaohongshu.com/explore/69ccdb23000000002003944c?xsec_token=ABuQrTrnyThRDNYI24_H1cJAKCThlNtwKOCTthBqKM-dw=&xsec_source=pc_search,69ce1f52000000001500a00c,眼见他起朱楼,她和公司解约后即使在打官司还在和公司battle依旧能靠自己的人脉上央视的节目，23年上半年解约后就一直在进组了。25年演了《深情眼》，电视剧爆了后凭借这波流量事业也是稳步上升中，最近去了《无限超越班4》，4月4日晚上20：20点在优酷首播。她本身很有能力，只是解约仓促，加上直接撞疫情了运气不好，现在也是好起来了。po一张图，你可以去看看她最近几部作品，演技都很nice
40,1040g4b831re62v6bga5g5q5f5rjmkiv809uj9vo,44,0,44,1,http://sns-webpic-qc.xhscdn.com/202604302333/ec667b730599e34990bc527384fceca3/comment/1040g4b831re62v6bga5g5q5f5rjmkiv809uj9vo!nd_whgt34_webp_wm_1,comment_single_image,normal,44,696afda2000000000e00cbf9,过完这个生日我就送你出县城,https://www.xiaohongshu.com/explore/696afda2000000000e00cbf9?xsec_token=ABQatQO07XI5qEMa6GVqwM3WkMlWALujC5JDVH8CVg23I=&xsec_source=pc_search,696b00cc000000000f02af07,用户已注销,夯爆了[赞R][赞R]
41,1040g2h031qq9hkujnu605pct21cogd60r6c906o,40,0,40,1,http://sns-webpic-qc.xhscdn.com/202604302300/ca82103a7f0166009b8a80bbc8e2db80/comment/1040g2h031qq9hkujnu605pct21cogd60r6c906o!nd_whgt34_webp_wm_1,comment_single_image,video,40,69561061000000001e011360,,https://www.xiaohongshu.com/explore/69561061000000001e011360?xsec_token=ABMaEzURt68SV4oqFTuJ4Zu4ec77sk5uIWnlWl4kLmt0I=&xsec_source=pc_search,6956a24100000000160235b9,驭风,大家看小鱼视频有没有像这样 字幕和“踢踢小鱼”重合的情况呀，🐟要不要考虑把显示区域往上移一点点[哇R]
42,1040g2h031pi55usrkm6g5o801kq0btctk8lepho,36,0,36,1,http://sns-webpic-qc.xhscdn.com/202604302249/eda3380ea57491817ec2fc2c19ba1343/comment/1040g2h031pi55usrkm6g5o801kq0btctk8lepho!nd_whgt34_webp_wm_1,comment_single_image,video,36,692d847e000000000d03d63e,,https://www.xiaohongshu.com/explore/692d847e000000000d03d63e?xsec_token=ABDcHPaPS3YXu-qx95rqJw-2Bic10FVXSmgonoFRyxeR8=&xsec_source=pc_search,692d88bb000000001602228f,希,这套妝造会有小卡吗（？
43,1040g2h031gjpb1al386g5oa7dnigjoq26ln4gj8,35,0,35,1,http://sns-webpic-qc.xhscdn.com/202604301459/0ca8c8558d3e936d5551855ca930cd92/comment/1040g2h031gjpb1al386g5oa7dnigjoq26ln4gj8!nd_whgt34_webp_wm_1,comment_single_image,normal,35,680732c8000000000f038b07,黄婷婷,https://www.xiaohongshu.com/explore/680732c8000000000f038b07?xsec_token=ABg3GPFDiVK9lRP9waK0zJ-JvE5Mtv4SV_198MdTQO3-c=&xsec_source=pc_search,68084a8b000000001f029001,呼噜噜,颜值巅峰说的太绝对了，只是国美时期最甜妹，后面就姐起来了而已，
44,1040g2h031llebljn5e6g5pgcm3ahhhmdvoptjeg,32,0,32,1,http://sns-webpic-qc.xhscdn.com/202604301508/0026ddad507f51384ced94368a901c68/comment/1040g2h031llebljn5e6g5pgcm3ahhhmdvoptjeg!nd_whgt34_webp_wm_1,comment_single_image,normal,32,68ad78c6000000001d013b20,,https://www.xiaohongshu.com/explore/68ad78c6000000001d013b20?xsec_token=ABVQCHisehSv-9ii3kFU26uz_e4iNtp_N93XqPwJIqSjM=&xsec_source=pc_search,68add3ec0000000009039a0d,momo,类似这种么[坏笑R]
45,1040g2h031lqjmvuble705nrhl2dgbp1h04otph8,31,0,31,1,http://sns-webpic-qc.xhscdn.com/202604302252/f43cc8bf47f17a405999cf8748ac8778/comment/1040g2h031lqjmvuble705nrhl2dgbp1h04otph8!nd_whgt34_webp_wm_1,comment_single_image,normal,31,68b31d48000000001c00be95,,https://www.xiaohongshu.com/explore/68b31d48000000001c00be95?xsec_token=ABWRJKHfTH9rlepyrO76ShbMeTnsrZCF5izAFXUuV2b4Q=&xsec_source=pc_search,68b31e800000000030020db0,Jellyfish,她微博很多都很有生活感
46,1040g4b831umpgpo82icg5p8su06osmu7gsro740,31,0,31,1,http://sns-webpic-qc.xhscdn.com/202604302313/d33141deb9317eb0cf4cceeec85ee1c8/comment/1040g4b831umpgpo82icg5p8su06osmu7gsro740!nd_whgt34_webp_wm_1,comment_single_image,normal,31,69d5f14c000000001b0027ec,黄婷婷全肯定,https://www.xiaohongshu.com/explore/69d5f14c000000001b0027ec?xsec_token=AB5NqnhAul02RZfXdpOlmQx5iApRzltidJpshsTQSGMe4=&xsec_source=pc_search,69d61ef60000000014009b7a,小红薯651D9ED2,感谢夸夸，来一起投入婷姐双开门的怀抱[害羞R]
47,1040g4b831uqr8nnk2g705odpefqk0n0r1crjh08,29,0,29,1,http://sns-webpic-qc.xhscdn.com/202604301510/0d85ba483ff13f8bb2ad1b29128bfef4/comment/1040g4b831uqr8nnk2g705odpefqk0n0r1crjh08!nd_whgt34_webp_wm_1,comment_single_image,video,29,69da3fcf00000000220013c3,TT's好物分享,https://www.xiaohongshu.com/explore/69da3fcf00000000220013c3?xsec_token=AB0HHaWMmTNJmRFVs-iy8DVMOca7QFtjnPFmZDt68wGPI=&xsec_source=pc_search,69da45dc000000001400a373,距离退休还有多少年,姐姐都推荐了，那我买买买，get同款[派对R]
48,1040g2h031ulu0ia4ia605oauss60kv74cgu7dmg,29,0,29,1,http://sns-webpic-qc.xhscdn.com/202604302301/f854e82c0103c7392ee51337b558fef6/comment/1040g2h031ulu0ia4ia605oauss60kv74cgu7dmg!nd_whgt34_webp_wm_1,comment_single_image,normal,29,69d4fc4e000000002103a72d,有空一起吃饭吧,https://www.xiaohongshu.com/explore/69d4fc4e000000002103a72d?xsec_token=ABvie8UX6V59KYgeGU9TrShrl__pcbEIJvJQ14lLoO5SA=&xsec_source=pc_search,69d53d9f0000000015010e8e,YQ_0923,图中有两只小企鹅[色色R]这个踢踢怎么这么美，多吃点哦
49,1040g2h031v47t8shju605nm91l5g8cu3fqpa4s0,28,0,28,1,http://sns-webpic-qc.xhscdn.com/202604302311/7e4508f2a672900ed3e6e132fe4b705f/comment/1040g2h031v47t8shju605nm91l5g8cu3fqpa4s0!nd_whgt34_webp_wm_1,comment_single_image,normal,28,69e3ddb600000000210389b3,,https://www.xiaohongshu.com/explore/69e3ddb600000000210389b3?xsec_token=ABd733-gLKES1rdMOP5xPWFuHI6n_rmA3_XfHNNgzilyg=&xsec_source=pc_search,69e3e4b7000000001401b805,薯条条条,comment
50,1040g2h031qov0vo40m005oov9ki8vlrajg7quao,27,0,27,1,http://sns-webpic-qc.xhscdn.com/202604301514/47396d47e7ea315102dd29d5f376680a/comment/1040g2h031qov0vo40m005oov9ki8vlrajg7quao!nd_whlt34_webp_wm_1,comment_single_image,normal,27,69553d6800000000210331c8,“老己，和你续写下一个春夏秋冬！”,https://www.xiaohongshu.com/explore/69553d6800000000210331c8?xsec_token=ABYTSyVHMDXjJevSRn3E26FCS78Rm0oJoMtFsS1qIwec8=&xsec_source=pc_search,695545ec000000001502d82d,tota哩,这张是神来的吗[皱眉R]
51,1040g2h031lhpgkht4u5g5n90ogg4c8hhbgu1bdg,27,0,27,1,http://sns-webpic-qc.xhscdn.com/202604302251/ef913c0b8b5940d91d65a014a7f4daa2/comment/1040g2h031lhpgkht4u5g5n90ogg4c8hhbgu1bdg!nd_whgt34_webp_wm_1,comment_single_image,normal,27,68a9c736000000001d00eaa9,至此，全员毕业，又是一个时代的完结,https://www.xiaohongshu.com/explore/68a9c736000000001d00eaa9?xsec_token=AB51S7j1lOUpKEjDNrW5CE0siaH24W5Do4ABmG0Of3luU=&xsec_source=pc_search,68aa16e1000000003000ffb7,🍃 耿耿星河欲曙天,sub_comment
52,1040g2h0315rcao4dgs6g5o2clv6g8utg4it06fg,27,0,27,1,http://sns-webpic-qc.xhscdn.com/202604302325/27a40f0ed6e43c5b09427b221b597683/comment/1040g2h0315rcao4dgs6g5o2clv6g8utg4it06fg!nd_whgt34_webp_wm_1,comment_single_image,normal,27,66a79c8b0000000005032957,选一张当首图！,https://www.xiaohongshu.com/explore/66a79c8b0000000005032957?xsec_token=AB224uG_DLzLG3qBsES9_2GlrqlXdvVbhMAEGNu_BOo_0=&xsec_source=pc_search,66a79e70000000002300d057,今天晚睡早起了吗,我投这个一票
53,1040g2h031l1nmdt92a7g5nv5a95g84agri3iri8,24,0,24,1,http://sns-webpic-qc.xhscdn.com/202604301457/2f515dae81a6f5506bb96eb5a5bf8e93/comment/1040g2h031l1nmdt92a7g5nv5a95g84agri3iri8!nd_whgt34_webp_wm_1,comment_single_image,normal,24,68999edb000000002203b891,,https://www.xiaohongshu.com/explore/68999edb000000002203b891?xsec_token=ABgK8dxy_XUaUfr5a30WykCLqAU9TqgGVsgJ0XxozP07o=&xsec_source=pc_search,6899a586000000002a0007d4,昭昭momo,刚看到，好可爱
54,1040g2h031qouk1le7u005nbv0rq08c4vvf35hq8,24,0,24,1,http://sns-webpic-qc.xhscdn.com/202604301514/d429efe85755281da9d641bbaf7b2b1f/comment/1040g2h031qouk1le7u005nbv0rq08c4vvf35hq8!nd_whgt34_webp_wm_1,comment_single_image,normal,24,69553d6800000000210331c8,“老己，和你续写下一个春夏秋冬！”,https://www.xiaohongshu.com/explore/69553d6800000000210331c8?xsec_token=ABYTSyVHMDXjJevSRn3E26FCS78Rm0oJoMtFsS1qIwec8=&xsec_source=pc_search,6955429c000000001601e043,出逃一个礼拜,怎么外面有别的小猫啦！我为五一打抱不平！
55,1040g4b831uj5emsfia705njojveg8v5pj22c9r0,24,0,24,1,http://sns-webpic-qc.xhscdn.com/202604302243/235931dbdd4383e1a2c4d205a3920fc1/comment/1040g4b831uj5emsfia705njojveg8v5pj22c9r0!nd_whgt34_webp_wm_1,comment_single_image,normal,24,69d251dc000000001f003dd4,建设婷婷家族🤓,https://www.xiaohongshu.com/explore/69d251dc000000001f003dd4?xsec_token=ABfebywJ7FVobHwd4cJOl5B1cAcHBwsWFK8_Xc64R1BX8=&xsec_source=pc_search,69d268280000000015007ffb,完全可以,最像的是Exid 的hani
56,1040g2h031lqjsrvoks005pomvaj7c5m6h3qvc48,23,0,23,1,http://sns-webpic-qc.xhscdn.com/202604302252/ff560539a3b7cc9919952f12e871138f/comment/1040g2h031lqjsrvoks005pomvaj7c5m6h3qvc48!nd_whgt34_webp_wm_1,comment_single_image,normal,23,68b31d48000000001c00be95,,https://www.xiaohongshu.com/explore/68b31d48000000001c00be95?xsec_token=ABWRJKHfTH9rlepyrO76ShbMeTnsrZCF5izAFXUuV2b4Q=&xsec_source=pc_search,68b32001000000003000bdcc,踢踢自信✨,猫猫🐱
57,1040g2h031gj92uql3u6g5okojdf6si44tb27f48,21,0,21,1,http://sns-webpic-qc.xhscdn.com/202604301459/a6d77d6f7342d6504ad748e09860ec7b/comment/1040g2h031gj92uql3u6g5okojdf6si44tb27f48!nd_whlt34_webp_wm_1,comment_single_image,normal,21,680732c8000000000f038b07,黄婷婷,https://www.xiaohongshu.com/explore/680732c8000000000f038b07?xsec_token=ABg3GPFDiVK9lRP9waK0zJ-JvE5Mtv4SV_198MdTQO3-c=&xsec_source=pc_search,6807c5670000000004018058,橘橘猫（食神）,真的很糊但是[萌萌哒R]
58,1040g4b831tdcv58r5k705p99a2aal4omsngsfng,20,0,20,1,http://sns-webpic-qc.xhscdn.com/202604301454/d36774684a513504468232bbb9431f85/comment/1040g4b831tdcv58r5k705p99a2aal4omsngsfng!nd_whgt34_webp_wm_1,comment_single_image,normal,20,69a5484d000000001d012790,生写扫图,https://www.xiaohongshu.com/explore/69a5484d000000001d012790?xsec_token=ABhivAFlV5ab6WXagiQD0mxMfj1327tdZevAN-fczOh9U=&xsec_source=pc_search,69abbc3d0000000009023afc,偌夫淫雨,是的！这一场能明显感觉到
59,1040g4b831tc8airhl8705ol74jdmslpq65vesvo,20,0,20,1,http://sns-webpic-qc.xhscdn.com/202604302249/03b852fa679cde3656de8253dea17b20/comment/1040g4b831tc8airhl8705ol74jdmslpq65vesvo!nd_whgt34_webp_wm_1,comment_single_image,normal,20,69aa51ff000000002603f753,三四选的小蓝披风完全正统偶像绝世萌神,https://www.xiaohongshu.com/explore/69aa51ff000000002603f753?xsec_token=ABlmgBXedlCzVqIroaWxDRP6PE0b-zDv2Xjh8INx_l880=&xsec_source=pc_search,69aa900f00000000050332e0,OvO,这么美萌一张脸说出震撼人心的发言
60,1040g2h031lr8sqv352005ob9cljgjmdcert8cb0,20,0,20,1,http://sns-webpic-qc.xhscdn.com/202604302252/7df8c63d9c9f19823ece63637fb0e224/comment/1040g2h031lr8sqv352005ob9cljgjmdcert8cb0!nd_whgt34_webp_wm_1,comment_single_image,normal,20,68b31d48000000001c00be95,,https://www.xiaohongshu.com/explore/68b31d48000000001c00be95?xsec_token=ABWRJKHfTH9rlepyrO76ShbMeTnsrZCF5izAFXUuV2b4Q=&xsec_source=pc_search,68b3cc07000000003000f607,朋朋朋朋,我觉得这张，超绝女友
61,1040g2h031m3grdplm65g5n70mvulqgoiqskodh8,19,0,19,1,http://sns-webpic-qc.xhscdn.com/202604301456/ce15860ace0343bc641643c53db879c8/comment/1040g2h031m3grdplm65g5n70mvulqgoiqskodh8!nd_whlt34_webp_wm_1,comment_single_image,normal,19,68bb1630000000001c01217f,谁懂这个舞台我循环了多少遍,https://www.xiaohongshu.com/explore/68bb1630000000001c01217f?xsec_token=ABlPfndCBBfxgle-2_o-J0DfJ5zfQmtxQRLxHWHmyvkdQ=&xsec_source=pc_search,68bc3e5b000000000a00f15e,长野星河散去.,如此萌！
62,1040g2h031st2td62ls5g5o0c26809dl3h24eb9o,19,0,19,1,http://sns-webpic-qc.xhscdn.com/202604301502/7f634a6880e120640529e295523bd5bd/comment/1040g2h031st2td62ls5g5o0c26809dl3h24eb9o!nd_whgt34_webp_wm_1,comment_single_image,normal,19,699b017d000000000a0305e1,真的没有人羡慕黄五一吗,https://www.xiaohongshu.com/explore/699b017d000000000a0305e1?xsec_token=ABlp90snw0J5MsxoSmP854UA2Qn6frtKrimbyyHgCmEcA=&xsec_source=pc_search,699b08ce00000000050389a2,点水,羡慕疯了啊啊啊啊，我也要被踢踢亲亲抱抱叫宝宝[哭惹R][哭惹R][哭惹R]
63,1040g2h031lqm695h5u6g5oesajaoc5gsd6sukkg,17,0,17,1,http://sns-webpic-qc.xhscdn.com/202604302252/b4682385548d8a785d199ba979b7f550/comment/1040g2h031lqm695h5u6g5oesajaoc5gsd6sukkg!nd_whlt34_webp_wm_1,comment_single_image,normal,17,68b31d48000000001c00be95,,https://www.xiaohongshu.com/explore/68b31d48000000001c00be95?xsec_token=ABWRJKHfTH9rlepyrO76ShbMeTnsrZCF5izAFXUuV2b4Q=&xsec_source=pc_search,68b332cc000000000b029c0a,＋＋＋,comment
64,1040g2h031q350kddg0605nmpmid08t3qhm94i08,16,0,16,1,http://sns-webpic-qc.xhscdn.com/202604301513/99a413b3098669eed1f25b5f2d68f7a0/comment/1040g2h031q350kddg0605nmpmid08t3qhm94i08!nd_whlt34_webp_wm_1,comment_single_image,normal,16,693e8b43000000000d03bd30,雪天氛围照就这么拍,https://www.xiaohongshu.com/explore/693e8b43000000000d03bd30?xsec_token=ABH-ZT2EvT7gZez6OYf_5cXUX8ozOf6Yn9Df-bxUT1OwA=&xsec_source=pc_search,693eefd1000000001601e6fc,一个人吃饭旅行到处揍揍婷婷,sub_comment
65,1040g2h031pgl40jtic6g5o2clv6g8utg7qa0ia8,15,0,15,1,http://sns-webpic-qc.xhscdn.com/202604302328/fa1457f47d4fd47341b4fec4670babbd/comment/1040g2h031pgl40jtic6g5o2clv6g8utg7qa0ia8!nd_whgt34_webp_wm_1,comment_single_image,normal,15,692bf075000000001e016ecd,黄婷婷是真的上过班吧！演出了职场崩溃日常,https://www.xiaohongshu.com/explore/692bf075000000001e016ecd?xsec_token=ABdflYI2CkxeI6QC4QvRzwUiyOgAQazYhIYKrDFAGxHY0=&xsec_source=pc_search,692bff05000000000e034beb,今天晚睡早起了吗,comment
66,1040g3k831tprr3is7q7g5pu2o9hjjvlk8r21rr0,15,15,0,1,http://sns-webpic-qc.xhscdn.com/202604301457/5bb8aa94c92a6a2504f1aa40f28f4271/notes_pre_post/1040g3k831tprr3is7q7g5pu2o9hjjvlk8r21rr0!nd_dft_wgth_webp_3,note_single_image,normal,15,69b88158000000001f0054ae,剪刀手女孩,https://www.xiaohongshu.com/explore/69b88158000000001f0054ae?xsec_token=ABcsTf2PHXiKaTI_G92k_FeGP7iPNNMO0jwtNfAaadYuo=&xsec_source=pc_search,,,"剪刀手女孩”通常指2014年因一张爬山时比着剪刀手的清纯照片而在网络意外走红的女孩黄婷婷，她当时14岁，走红后选择专注学业而非进入娱乐圈，现已成年并从事设计相关工作。
	
‌走红时间与原因‌：2014年夏天，14岁的黄婷婷在一次家庭爬山旅行中，因一张笑容灿烂、比着剪刀手的照片在网络广泛传播，被网友称为“初恋脸”而迅速走红。‌‌‌
	
‌网络热议与后续选择‌：走红后，曾有自称富豪的网友留言表示“十年后我要娶你”，引发“十年之约”的网络话题。
	
但黄婷婷及其家人并未利用热度进入"
67,1040g2h031ukhui882q305p4stohk8f9b1ep74tg,14,0,14,1,http://sns-webpic-qc.xhscdn.com/202604301457/f6da39afeaa06c875d77f074fd9ef318/comment/1040g2h031ukhui882q305p4stohk8f9b1ep74tg!nd_whgt34_webp_wm_1,comment_single_image,normal,14,69d38f2b000000002200e368,路人评价黄婷婷,https://www.xiaohongshu.com/explore/69d38f2b000000002200e368?xsec_token=ABPgycjTQ650NMoFzW8UeR_ieXycKS1Si3pQh3jmdh708=&xsec_source=pc_search,69d43d5a0000000015010ac6,Bamboo,感谢认可[派对R]俺们踢踢真的是一个很努力的小女孩
68,1040g2h031lokqkf35e705o9bklcg86uar6grdio,14,0,14,1,http://sns-webpic-qc.xhscdn.com/202604301508/eb177689f93c976ec5a24aac7c5a94cd/comment/1040g2h031lokqkf35e705o9bklcg86uar6grdio!nd_whgt34_webp_wm_1,comment_single_image,normal,14,68ad78c6000000001d013b20,,https://www.xiaohongshu.com/explore/68ad78c6000000001d013b20?xsec_token=ABVQCHisehSv-9ii3kFU26uz_e4iNtp_N93XqPwJIqSjM=&xsec_source=pc_search,68b11b56000000000b01c08c,momo,这么多年了 还是相册第一张图
69,1040g2h031sb4ufqn5s005n61avolqc0dc7iinhg,14,0,14,1,http://sns-webpic-qc.xhscdn.com/202604302310/26ea74e70709292a86d6da5b4a86a752/comment/1040g2h031sb4ufqn5s005n61avolqc0dc7iinhg!nd_whlt34_webp_wm_1,comment_single_image,normal,14,6988a888000000000b013378,,https://www.xiaohongshu.com/explore/6988a888000000000b013378?xsec_token=ABZSAjSa4fublcfIPGJ__Wg5SHR7sCi_rJTYQcQprB4es=&xsec_source=pc_search,6988a9a3000000000f01f0f8,肥你个橙,这是我的入坑视频[笑哭R]
70,1040g2h031l1ngc7k340g4a620fmjmjlj1130de8,13,0,13,1,http://sns-webpic-qc.xhscdn.com/202604301457/f5b60844e51550c4c1759d4deeb2e1fa/comment/1040g2h031l1ngc7k340g4a620fmjmjlj1130de8!nd_whgt34_webp_wm_1,comment_single_image,normal,13,68999edb000000002203b891,,https://www.xiaohongshu.com/explore/68999edb000000002203b891?xsec_token=ABgK8dxy_XUaUfr5a30WykCLqAU9TqgGVsgJ0XxozP07o=&xsec_source=pc_search,6899af83000000002b020c30,小藏獒😆,当时存滴
71,1040g2h031ilm9cth14005os3gmenrp3s7sa6on8,13,0,13,1,http://sns-webpic-qc.xhscdn.com/202604302304/af8f737bc17ca434618ad7e724655114/comment/1040g2h031ilm9cth14005os3gmenrp3s7sa6on8!nd_whgt34_webp_wm_1,comment_single_image,normal,13,684bc0d20000000021005d2f,一见你就笑6.13全员录制｜嘉宾好多好亮眼！,https://www.xiaohongshu.com/explore/684bc0d20000000021005d2f?xsec_token=ABFJ12-uowQduY86RUseKrBeoKO7UqIaKq0qK83qUneJg=&xsec_source=pc_search,684bc70d000000000400d36a,Katze_Schnee,祝祝在这个节目的妆造都好精致
72,1040g2h031uipr1372a6g5q51unema3tqhnsjqio,12,0,12,1,http://sns-webpic-qc.xhscdn.com/202604302317/c3ac4d19022b293e255ae46e4b302282/comment/1040g2h031uipr1372a6g5q51unema3tqhnsjqio!nd_whgt34_webp_wm_1,comment_single_image,normal,12,69d14e6d0000000022026590,黄婷婷越来越好,https://www.xiaohongshu.com/explore/69d14e6d0000000022026590?xsec_token=ABsKdwxplzI3MgkvaLsOPD7JW3DXLui_9q0ZCuf1H8ozA=&xsec_source=pc_search,69d20901000000001400a46e,W.,看的时候把我紧张坏了，我家满分女黄婷婷
73,1040g2h031kbesgs634005o7ifbi08hi4fqoea7o,11,0,11,1,http://sns-webpic-qc.xhscdn.com/202604302333/e5056b34602a70cf9d547632b3d053f7/comment/1040g2h031kbesgs634005o7ifbi08hi4fqoea7o!nd_whgt34_webp_wm_1,comment_single_image,normal,11,6881ba2b000000000b01d281,发现深情眼里面黄婷婷变得好不一样啊,https://www.xiaohongshu.com/explore/6881ba2b000000000b01d281?xsec_token=ABT4QMF_1tqeamo7iwgid1Tviz_9JtYxZ8OybGhN6gG8w=&xsec_source=pc_search,6882d63000000000190260f5,江千：p,姐真的超美
74,1040g2h031gj2huk7k2005oo60fm4hrgvrgo19s0,10,0,10,1,http://sns-webpic-qc.xhscdn.com/202604301459/761a0c97325a37a7fa53eeb41a85834c/comment/1040g2h031gj2huk7k2005oo60fm4hrgvrgo19s0!nd_whlt34_webp_wm_1,comment_single_image,normal,10,680732c8000000000f038b07,黄婷婷,https://www.xiaohongshu.com/explore/680732c8000000000f038b07?xsec_token=ABg3GPFDiVK9lRP9waK0zJ-JvE5Mtv4SV_198MdTQO3-c=&xsec_source=pc_search,68078fe600000000200168f3,仿佛梦魂归帝所,comment
75,1040g2h031kd0vsbb36605oo91vvkhieqi7ipgf8,10,0,10,1,http://sns-webpic-qc.xhscdn.com/202604301513/31df4fab5bdbdb5d8686dc1468a53ac7/comment/1040g2h031kd0vsbb36605oo91vvkhieqi7ipgf8!nd_whgt34_webp_wm_1,comment_single_image,normal,10,688466440000000017030dfd,她藏在森林里forest girl,https://www.xiaohongshu.com/explore/688466440000000017030dfd?xsec_token=AByGzgb7MofUY1kF57G0_ZU5X989I1losmoB0yFVmXSNA=&xsec_source=pc_search,688470a6000000000602f7e7,随意取个名字,好可爱！是这一天吗？造型和背景都一样
76,1040g2h031qa6ar94n0005n3447e4011ncrl7im0,9,0,9,1,http://sns-webpic-qc.xhscdn.com/202604301507/73ddf2cbc24026617567198e290832ca/comment/1040g2h031qa6ar94n0005n3447e4011ncrl7im0!nd_whgt34_webp_wm_1,comment_single_image,normal,9,6945711f000000001e02f379,迷上黄婷婷了~,https://www.xiaohongshu.com/explore/6945711f000000001e02f379?xsec_token=ABVefp1SpD1l9pl1F8Ps2V24-6dcZ-6Q_zP6YFGBJ5AyE=&xsec_source=pc_search,694625a20000000014037aad,玄过,comment
77,1040g2h031lt3r6kjli004al8okge2plgkq6r1so,9,0,9,1,http://sns-webpic-qc.xhscdn.com/202604301508/bc7f2a8fa6a92f8ed62f9212c97e42a4/comment/1040g2h031lt3r6kjli004al8okge2plgkq6r1so!nd_whlt34_webp_wm_1,comment_single_image,normal,9,68ad78c6000000001d013b20,,https://www.xiaohongshu.com/explore/68ad78c6000000001d013b20?xsec_token=ABVQCHisehSv-9ii3kFU26uz_e4iNtp_N93XqPwJIqSjM=&xsec_source=pc_search,68b5aef00000000002017467,超绝可爱婷婷子,comment
78,1040g2h031momsdam4u6g5o7so7kgao9d170m878,9,0,9,1,http://sns-webpic-qc.xhscdn.com/202604302252/6c845fd4e6dcf0ea44c358e7dcbc0286/comment/1040g2h031momsdam4u6g5o7so7kgao9d170m878!nd_whgt34_webp_wm_1,comment_single_image,normal,9,68b31d48000000001c00be95,,https://www.xiaohongshu.com/explore/68b31d48000000001c00be95?xsec_token=ABWRJKHfTH9rlepyrO76ShbMeTnsrZCF5izAFXUuV2b4Q=&xsec_source=pc_search,68d1f0c90000000030017223,哇呜哇呜,眼神湿漉漉的看着你   这谁能抵挡住啊
79,1040g4b831umi87scjm705oci20i8d0stveo1s4o,9,0,9,1,http://sns-webpic-qc.xhscdn.com/202604302301/101e155cb79bd1129a48564b6d9c8368/comment/1040g4b831umi87scjm705oci20i8d0stveo1s4o!nd_whgt34_webp_wm_1,comment_single_image,normal,9,69d4fc4e000000002103a72d,有空一起吃饭吧,https://www.xiaohongshu.com/explore/69d4fc4e000000002103a72d?xsec_token=ABvie8UX6V59KYgeGU9TrShrl__pcbEIJvJQ14lLoO5SA=&xsec_source=pc_search,69d5e36e0000000002035071,春之花开了吗,嗯对[萌萌哒R]我有TT亲签了
80,1040g2h031e0d3ch5gudg5otes9rpidk25ihkd8g,9,0,9,1,http://sns-webpic-qc.xhscdn.com/202604302317/dd7f4d43d235c470ba7cfcdd1b2cef1e/comment/1040g2h031e0d3ch5gudg5otes9rpidk25ihkd8g!nd_whgt34_webp_wm_1,comment_single_image,normal,9,67b1e5d6000000002901341f,谁在2025嗑帝后,https://www.xiaohongshu.com/explore/67b1e5d6000000002901341f?xsec_token=ABmrxlea-yFxzE7EHNLLa5K9Jd-nG6gYyBNKHNj5fYQ5M=&xsec_source=pc_search,67b2e854000000001601465b,sk机甲鼠,comment
81,1040g2h031ulqeq0vjm005ols95pmd7dh6uroth8,7,0,7,1,http://sns-webpic-qc.xhscdn.com/202604301457/ca7b1d3ce6aa236009fe43e2f2f1ffba/comment/1040g2h031ulqeq0vjm005ols95pmd7dh6uroth8!nd_whgt34_webp_wm_1,comment_single_image,normal,7,69d38f2b000000002200e368,路人评价黄婷婷,https://www.xiaohongshu.com/explore/69d38f2b000000002200e368?xsec_token=ABPgycjTQ650NMoFzW8UeR_ieXycKS1Si3pQh3jmdh708=&xsec_source=pc_search,69d52080000000000d036605,ㅠ还是不知道喽💛,嘿嘿谢谢老师夸夸
82,1040g2h031uj7u376io6g5ot0bfepifrjjelm2og,7,0,7,1,http://sns-webpic-qc.xhscdn.com/202604301507/0a5d77d6153a1a52d28b321f71460144/comment/1040g2h031uj7u376io6g5ot0bfepifrjjelm2og!nd_whgt34_webp_wm_1,comment_single_image,normal,7,69d0ff85000000001a023527,大张伟跟黄婷婷居然是这种关系！,https://www.xiaohongshu.com/explore/69d0ff85000000001a023527?xsec_token=ABeCknpheqhVE4kkYrfGKSo7tplVNhqUNbWwYgtwlDNjI=&xsec_source=pc_search,69d27c7b0000000005039ef9,Ti,上一天班回来看到笑力竭了。。
83,1040g2h031ktkl3mj3q605ppsnagndi3v5r27rkg,6,0,6,1,http://sns-webpic-qc.xhscdn.com/202604301505/6174dc8bd11b0c6da5cdc600833cdaf8/comment/1040g2h031ktkl3mj3q605ppsnagndi3v5r27rkg!nd_whgt34_webp_wm_1,comment_single_image,normal,6,689549b600000000250290d3,黄婷婷。。。妈呀熟女了,https://www.xiaohongshu.com/explore/689549b600000000250290d3?xsec_token=ABFgCKDbgThDY-RA2g8HVfREiNxywgNSNTUBsiKnkpJeg=&xsec_source=pc_search,689574f3000000002a019202,鷄崽,comment
84,1040g2h031sfqetpg62505pg8o72ipkroctnlseo,6,0,6,1,http://sns-webpic-qc.xhscdn.com/202604301509/efbcd6aa672c9e44977432b667e1b53b/comment/1040g2h031sfqetpg62505pg8o72ipkroctnlseo!nd_whgt34_webp_wm_1,comment_single_image,normal,6,698d715f000000001a01c45e,一样的月光,https://www.xiaohongshu.com/explore/698d715f000000001a01c45e?xsec_token=ABtRln_m_9kK6w4E6GwwCDfAm0cOOX2VzjHknwDKMvJXg=&xsec_source=pc_search,698d919c000000000900504a,踢踢雪花,是啊 但其实她还是她
85,1040g2h031q2tm4q7ng5g5ocpmu9k0s9ksb1oc60,6,0,6,1,http://sns-webpic-qc.xhscdn.com/202604301513/f083fc456e94b80e7c7d345572ee9e19/comment/1040g2h031q2tm4q7ng5g5ocpmu9k0s9ksb1oc60!nd_whlt34_webp_wm_1,comment_single_image,normal,6,693e8b43000000000d03bd30,雪天氛围照就这么拍,https://www.xiaohongshu.com/explore/693e8b43000000000d03bd30?xsec_token=ABH-ZT2EvT7gZez6OYf_5cXUX8ozOf6Yn9Df-bxUT1OwA=&xsec_source=pc_search,693eb3ca000000001600e075,平衡车大猫,打扰一下，有专业的p图师父吗？把我p在桃心的右边好么？谢谢
86,1040g2h031mkr1jp0l8005opqh4em5hv581tjhqg,6,0,6,1,http://sns-webpic-qc.xhscdn.com/202604302320/96d1070f26a86ecaf13862725dbd013c/comment/1040g2h031mkr1jp0l8005opqh4em5hv581tjhqg!nd_whgt34_webp_wm_1,comment_single_image,video,6,68cd5ba7000000001301764f,,https://www.xiaohongshu.com/explore/68cd5ba7000000001301764f?xsec_token=ABJG2d-u2W33eI9sp2RWCs1aUY_V4w_mQOl8zIWX1YnDc=&xsec_source=pc_search,68cdfa4f000000000b02ccdc,人生如戏,转身前的大头，知道大家不爱看瞬间变小
87,1040g2h031kd1c70bj0005n6gvu048cn4pp753d8,5,0,5,1,http://sns-webpic-qc.xhscdn.com/202604301513/48152ee61c93b0c29051fdbe1ce53cde/comment/1040g2h031kd1c70bj0005n6gvu048cn4pp753d8!nd_whgt34_webp_wm_1,comment_single_image,normal,5,688466440000000017030dfd,她藏在森林里forest girl,https://www.xiaohongshu.com/explore/688466440000000017030dfd?xsec_token=AByGzgb7MofUY1kF57G0_ZU5X989I1losmoB0yFVmXSNA=&xsec_source=pc_search,688473ce000000001a02dcb7,Stephaniehwang,可以换桌面了[飞吻R]
88,1040g2h031kd1c70bj00g5n6gvu048cn43o0mus0,5,0,5,1,http://sns-webpic-qc.xhscdn.com/202604301513/64c39589aec95c12e4334b281c26fa55/comment/1040g2h031kd1c70bj00g5n6gvu048cn43o0mus0!nd_whgt34_webp_wm_1,comment_single_image,normal,5,688466440000000017030dfd,她藏在森林里forest girl,https://www.xiaohongshu.com/explore/688466440000000017030dfd?xsec_token=AByGzgb7MofUY1kF57G0_ZU5X989I1losmoB0yFVmXSNA=&xsec_source=pc_search,688473e50000000002005612,Stephaniehwang,sub_comment
89,1040g2h031mpfeh22mg005oihde141p7f7t3430o,5,0,5,1,http://sns-webpic-qc.xhscdn.com/202604302252/dfc92dd4e4003655f930fe155b878fb7/comment/1040g2h031mpfeh22mg005oihde141p7f7t3430o!nd_whlt34_webp_wm_1,comment_single_image,normal,5,68b31d48000000001c00be95,,https://www.xiaohongshu.com/explore/68b31d48000000001c00be95?xsec_token=ABWRJKHfTH9rlepyrO76ShbMeTnsrZCF5izAFXUuV2b4Q=&xsec_source=pc_search,68d2ba07000000000b02549d,小黄鱼🐟,comment
90,1040g2h031lvnkmot4q0g5njfabng9duhab3nt28,5,0,5,1,http://sns-webpic-qc.xhscdn.com/202604302252/fa219c5f54fddcbbcbd3b19a53daaca1/comment/1040g2h031lvnkmot4q0g5njfabng9duhab3nt28!nd_whgt34_webp_wm_1,comment_single_image,normal,5,68b31d48000000001c00be95,,https://www.xiaohongshu.com/explore/68b31d48000000001c00be95?xsec_token=ABWRJKHfTH9rlepyrO76ShbMeTnsrZCF5izAFXUuV2b4Q=&xsec_source=pc_search,68b85f170000000030012a56,我爱吃酱板鸭,评论区每张都是我女友的样子哇[哭惹R][哭惹R]
91,1040g2h031rovfpvo2s005omd104gvpqb3568avo,5,0,5,1,http://sns-webpic-qc.xhscdn.com/202604302252/d9767111e5d4e6d8785dcccc7dd26b97/comment/1040g2h031rovfpvo2s005omd104gvpqb3568avo!nd_whgt34_webp_wm_1,comment_single_image,normal,5,697497770000000028023397,求,https://www.xiaohongshu.com/explore/697497770000000028023397?xsec_token=ABWsw3xKXBUKp8gA_1qFZldIAHOuCiWZZAwSxN8r16pdY=&xsec_source=pc_search,69760e53000000000f0296e6,华华,用的这个，，真的很萌...
92,1040g4b831rnon25120cg5p4nu7s43snub9atn18,5,0,5,1,http://sns-webpic-qc.xhscdn.com/202604302252/45777fa2e558375451101b380349a75b/comment/1040g4b831rnon25120cg5p4nu7s43snub9atn18!nd_whgt34_webp_wm_1,comment_single_image,normal,5,697497770000000028023397,求,https://www.xiaohongshu.com/explore/697497770000000028023397?xsec_token=ABWsw3xKXBUKp8gA_1qFZldIAHOuCiWZZAwSxN8r16pdY=&xsec_source=pc_search,6974d0b20000000004001de7,离岸潮,我的手机壁纸
93,1040g2h031rkkujs0284g5papt8ugl147p4lcnh0,5,0,5,1,http://sns-webpic-qc.xhscdn.com/202604302309/d4b2384a01cf386397c2190ecb8a3244/comment/1040g2h031rkkujs0284g5papt8ugl147p4lcnh0!nd_whgt34_webp_wm_1,comment_single_image,normal,5,69711104000000001a020153,垂直入坑….,https://www.xiaohongshu.com/explore/69711104000000001a020153?xsec_token=ABfEqFbHqNDHvngcM3M4RxUe680MxGyWiY4hJikodd3r0=&xsec_source=pc_search,69719f6d00000000060300ee,喝水大王-咩咩,人之常情来的
94,1040g4b831sb4c4nq5k5g5q05jts3i92dff029s0,5,0,5,1,http://sns-webpic-qc.xhscdn.com/202604302310/4a78f1affbdea6ca32a5c3fd4596499e/comment/1040g4b831sb4c4nq5k5g5q05jts3i92dff029s0!nd_whgt34_webp_wm_1,comment_single_image,normal,5,6988a888000000000b013378,,https://www.xiaohongshu.com/explore/6988a888000000000b013378?xsec_token=ABZSAjSa4fublcfIPGJ__Wg5SHR7sCi_rJTYQcQprB4es=&xsec_source=pc_search,6988b0c1000000000902306f,宇宙第一甜猫,comment
95,1040g2h031kfed43930c05o3peuj08c4r99qso9g,4,0,4,1,http://sns-webpic-qc.xhscdn.com/202604302250/c2ad604d2d799f36388846a3b102986e/comment/1040g2h031kfed43930c05o3peuj08c4r99qso9g!nd_whgt34_webp_wm_1,comment_single_image,normal,4,68864ace0000000011001d47,存档一些光轨最爱瞬间,https://www.xiaohongshu.com/explore/68864ace0000000011001d47?xsec_token=AB9q9KPggRCnkRqQEkiUZ5AQaESBOaFTV29mz4j3MrcNU=&xsec_source=pc_search,6886f9f700000000190261f2,鲸鱼🐋雨未尽,分享[嘻嘻R][棒R]帅踢踢
96,1040g4b831vi2f11liq5g5ouu8bhpt512jtkfqjg,4,0,4,1,http://sns-webpic-qc.xhscdn.com/202604302300/7a80fca431764af9c77fdc81b204382d/comment/1040g4b831vi2f11liq5g5ouu8bhpt512jtkfqjg!nd_whlt34_webp_wm_1,comment_single_image,normal,4,69f20bea000000001b0217c1,,https://www.xiaohongshu.com/explore/69f20bea000000001b0217c1?xsec_token=ABbTSYblkRdV_uFQgxjDQhZ_F_ZDZKiT1BvBUi_AMDqB8=&xsec_source=pc_search,69f20e200000000028030bb7,世界很大,要说最早的话，其实是这个神灯小品认识的
97,1040g4b831v05tr763q005ob9hfogjeta63rhtv8,4,0,4,1,http://sns-webpic-qc.xhscdn.com/202604302307/3fc8fd0b5df4cc256f154f01f7daba15/comment/1040g4b831v05tr763q005ob9hfogjeta63rhtv8!nd_whlt34_webp_wm_1,comment_single_image,normal,4,69dfadda000000002103ad37,谁橙想！,https://www.xiaohongshu.com/explore/69dfadda000000002103ad37?xsec_token=ABfKAoJYwfLMUqzH0gYNpYEWbP9cG_c7bsQo6iAY_irGM=&xsec_source=pc_search,69dfbbe7000000003502a52a,姐姐开门我是姐夫,大一期末爱上 考前还sc求劝学高数呢 结果也是沉迷黄婷美貌最后美美挂科了 这张图至今是头像快半年没换了[嘻嘻R]
98,1040g4b831rk48qh5ig705ol6im5oc3hk9e1i77o,4,0,4,1,http://sns-webpic-qc.xhscdn.com/202604302309/8cc329d1a142648a0b05f34f6174cace/comment/1040g4b831rk48qh5ig705ol6im5oc3hk9e1i77o!nd_whlt34_webp_wm_1,comment_single_image,normal,4,69711104000000001a020153,垂直入坑….,https://www.xiaohongshu.com/explore/69711104000000001a020153?xsec_token=ABfEqFbHqNDHvngcM3M4RxUe680MxGyWiY4hJikodd3r0=&xsec_source=pc_search,697116c7000000001d00e7a4,不发五篇论文不改名,妻子来的我天
99,1040g4b831s6lq87rlkrg5p96iirghureplkab1g,4,0,4,1,http://sns-webpic-qc.xhscdn.com/202604302311/c06e85ae233a30e6b78274d5f266699e/comment/1040g4b831s6lq87rlkrg5p96iirghureplkab1g!nd_whlt34_webp_wm_1,comment_single_image,normal,4,69836d5b0000000028009bff,,https://www.xiaohongshu.com/explore/69836d5b0000000028009bff?xsec_token=AB4M4Pe64VtDEgGJ2E4p5D_5ew5u0vtlAW3S5IejgfjPw=&xsec_source=pc_search,69841518000000000c014950,favet_,comment
100,1040g2h031seh2h7ule005ol74jdmslpq04jqhag,4,0,4,1,http://sns-webpic-qc.xhscdn.com/202604302311/6a5c69853cbe08ee29c7c936ced40c1a/comment/1040g2h031seh2h7ule005ol74jdmslpq04jqhag!nd_whlt34_webp_wm_1,comment_single_image,normal,4,69836d5b0000000028009bff,,https://www.xiaohongshu.com/explore/69836d5b0000000028009bff?xsec_token=AB4M4Pe64VtDEgGJ2E4p5D_5ew5u0vtlAW3S5IejgfjPw=&xsec_source=pc_search,698c1f68000000000601c1c4,OvO,comment
101,1040g2h031gj2huk7k21g5oo60fm4hrgvoekhlko,3,0,3,1,http://sns-webpic-qc.xhscdn.com/202604301459/635ce48fbad40d698ed72366f4e4d974/comment/1040g2h031gj2huk7k21g5oo60fm4hrgvoekhlko!nd_whlt34_webp_wm_1,comment_single_image,normal,3,680732c8000000000f038b07,黄婷婷,https://www.xiaohongshu.com/explore/680732c8000000000f038b07?xsec_token=ABg3GPFDiVK9lRP9waK0zJ-JvE5Mtv4SV_198MdTQO3-c=&xsec_source=pc_search,6807901e0000000020012ed7,仿佛梦魂归帝所,sub_comment
102,1040g2h031n1lonoh4s5g5o12dau087qtoilb6to,3,0,3,1,http://sns-webpic-qc.xhscdn.com/202604301459/f550c2a6e7cee995ec5a90059dac7e1b/comment/1040g2h031n1lonoh4s5g5o12dau087qtoilb6to!nd_whgt34_webp_wm_1,comment_single_image,video,3,68da937100000000130293a5,今日份OOTD,https://www.xiaohongshu.com/explore/68da937100000000130293a5?xsec_token=AB_6lrs65lDPSH6vrfu7K71BOEK9SWkPJmjse-74pF9iU=&xsec_source=pc_search,68db1ef2000000003903060e,ㄹU墨娃哦ㅌ🐱,一样从那次直播就买这个喝[心心眼R]
103,1040g2h031qa4gikrmu6g5q3ql6r3fji4n3qaq1g,3,0,3,1,http://sns-webpic-qc.xhscdn.com/202604301507/988eb610ae9a63ec44ad5881e81fa029/comment/1040g2h031qa4gikrmu6g5q3ql6r3fji4n3qaq1g!nd_whgt34_webp_wm_1,comment_single_image,normal,3,6945711f000000001e02f379,迷上黄婷婷了~,https://www.xiaohongshu.com/explore/6945711f000000001e02f379?xsec_token=ABVefp1SpD1l9pl1F8Ps2V24-6dcZ-6Q_zP6YFGBJ5AyE=&xsec_source=pc_search,694616b60000000014036c19,絮笙,这张吧[doge]
104,1040g4b831uka1tgd2sdg5p1vkmal27ao508ll88,3,0,3,1,http://sns-webpic-qc.xhscdn.com/202604301507/5926b2396fbd938805dca092d727c6cc/comment/1040g4b831uka1tgd2sdg5p1vkmal27ao508ll88!nd_whlt34_webp_wm_1,comment_single_image,normal,3,69d0ff85000000001a023527,大张伟跟黄婷婷居然是这种关系！,https://www.xiaohongshu.com/explore/69d0ff85000000001a023527?xsec_token=ABeCknpheqhVE4kkYrfGKSo7tplVNhqUNbWwYgtwlDNjI=&xsec_source=pc_search,69d393fc000000000d0352c4,才不乖（泠十三）,刀差点就收不住了
105,1040g2h031qfst0n30m0049sugkqa4pj6madqo58,3,0,3,1,http://sns-webpic-qc.xhscdn.com/202604302241/32ddc8463559679e64fb23a3b5c34a60/comment/1040g2h031qfst0n30m0049sugkqa4pj6madqo58!nd_whgt34_webp_wm_1,comment_single_image,normal,3,6929a862000000001e024a13,黄婷婷我喜欢你,https://www.xiaohongshu.com/explore/6929a862000000001e024a13?xsec_token=ABBK40gktfCH0PVgT9ZMHKOZuZpdQXekFFa1HZlsFw2lE=&xsec_source=pc_search,694bfd3a000000001502ec68,鲑鱼小帝,这张特别有姐味…
106,1040g2h031uqb9v4tiq604a6hj8qngu1bbk0bscg,3,0,3,1,http://sns-webpic-qc.xhscdn.com/202604302320/1adee090f85844c2fb77b1858dff8f06/comment/1040g2h031uqb9v4tiq604a6hj8qngu1bbk0bscg!nd_whlt34_webp_wm_1,comment_single_image,normal,3,69d850bf000000001a02d3c1,,https://www.xiaohongshu.com/explore/69d850bf000000001a02d3c1?xsec_token=AB9EzNzsaJk-Oa879Z4p8JtwGMJB4yk540N3CPjDIPlvI=&xsec_source=pc_search,69d9c31a000000003501f186,小陈同学_orb,期待黄婷婷
107,1040g2h031m11ug7k50405n90ogg4c8hhvr2hne0,2,0,2,1,http://sns-webpic-qc.xhscdn.com/202604301508/553319c5ddd71734817473bd391de706/comment/1040g2h031m11ug7k50405n90ogg4c8hhvr2hne0!nd_whgt34_webp_wm_1,comment_single_image,normal,2,68ad78c6000000001d013b20,,https://www.xiaohongshu.com/explore/68ad78c6000000001d013b20?xsec_token=ABVQCHisehSv-9ii3kFU26uz_e4iNtp_N93XqPwJIqSjM=&xsec_source=pc_search,68b9bc8900000000300162d5,🍃 耿耿星河欲曙天,comment
108,1040g2h031sfqetpg625g5pg8o72ipkroqe39roo,2,0,2,1,http://sns-webpic-qc.xhscdn.com/202604301509/2043af7fe220d182268b9377a0dcaef7/comment/1040g2h031sfqetpg625g5pg8o72ipkroqe39roo!nd_whgt34_webp_wm_1,comment_single_image,normal,2,698d715f000000001a01c45e,一样的月光,https://www.xiaohongshu.com/explore/698d715f000000001a01c45e?xsec_token=ABtRln_m_9kK6w4E6GwwCDfAm0cOOX2VzjHknwDKMvJXg=&xsec_source=pc_search,698d8361000000001101bc66,踢踢雪花,好
109,1040g4b831rq1knf92gl049hgtqpt5aq5ikv1ut8,2,0,2,1,http://sns-webpic-qc.xhscdn.com/202604302252/b6525ff788af6f6c280f658025e20896/comment/1040g4b831rq1knf92gl049hgtqpt5aq5ikv1ut8!nd_whgt34_webp_wm_1,comment_single_image,normal,2,697497770000000028023397,求,https://www.xiaohongshu.com/explore/697497770000000028023397?xsec_token=ABWsw3xKXBUKp8gA_1qFZldIAHOuCiWZZAwSxN8r16pdY=&xsec_source=pc_search,6977261d000000001d0093d3,🍞可乐仔,不要太权威这张脸
110,1040g2h031tcekchtm80g5pi9h0o1otsg7h5v4ao,2,0,2,1,http://sns-webpic-qc.xhscdn.com/202604302255/059601ea2917da2ae920599cea9fcf12/comment/1040g2h031tcekchtm80g5pi9h0o1otsg7h5v4ao!nd_whgt34_webp_wm_1,comment_single_image,video,2,6923b99f000000001e0382b7,就这个从呆萌幼崽婷进化到酷拽美丽姐姐婷,https://www.xiaohongshu.com/explore/6923b99f000000001e0382b7?xsec_token=AB5OWz3lxMmFZNer3FxT5fXqb25rWHACIvx-mRRTKA2ok=&xsec_source=pc_search,69aac3cc000000000903615a,💞,第一张竟然是在低吼厕里找的吗？
111,1040g2h031tftrs335k6g5ouu8bhpt5129qgp728,2,0,2,1,http://sns-webpic-qc.xhscdn.com/202604302303/0a388a90298347847f6f017dc1ff2e72/comment/1040g2h031tftrs335k6g5ouu8bhpt5129qgp728!nd_whgt34_webp_wm_1,comment_single_image,normal,2,69a91d8e000000002602f747,看过黄婷婷以后审美就要定型了,https://www.xiaohongshu.com/explore/69a91d8e000000002602f747?xsec_token=ABbe-dUdCINOjDfSBKaLAkLeNUfZ7inYoot5EVYC1SM3I=&xsec_source=pc_search,69ae52f30000000016014355,世界很大,这个吧
112,1040g2h031sc573km626g5ougnmsq32svts3dg48,2,0,2,1,http://sns-webpic-qc.xhscdn.com/202604302310/f76fdeb21d87878c409f4aa06e5dd36c/comment/1040g2h031sc573km626g5ougnmsq32svts3dg48!nd_whgt34_webp_wm_1,comment_single_image,normal,2,6988a888000000000b013378,,https://www.xiaohongshu.com/explore/6988a888000000000b013378?xsec_token=ABZSAjSa4fublcfIPGJ__Wg5SHR7sCi_rJTYQcQprB4es=&xsec_source=pc_search,6989b1fc000000000c017309,itus,真神来了[偷笑R]
113,1040g4b831rbni3e2g00g5oqa2lb65dj6o77dl40,2,0,2,1,http://sns-webpic-qc.xhscdn.com/202604302320/72281c1acbefa1ccff0a17564f0cc649/comment/1040g4b831rbni3e2g00g5oqa2lb65dj6o77dl40!nd_whgt34_webp_wm_1,comment_single_image,normal,2,6963c288000000000d00b1c0,怪不得婷婷桑的笑颜是第一呢,https://www.xiaohongshu.com/explore/6963c288000000000d00b1c0?xsec_token=ABtnJUYv6onwqq6CLggAAFoKFTjf7WDCuVOqmWvOUFZik=&xsec_source=pc_search,696897c3000000000b036383,投进这球就回家,我也是我也是，完完全全戳中我
114,1040g2h031u6bs70r1m005nijkia0834j89p9cl8,2,0,2,1,http://sns-webpic-qc.xhscdn.com/202604302334/d00fc45b9789a8a2c3713c9b172d14a7/comment/1040g2h031u6bs70r1m005nijkia0834j89p9cl8!nd_whlt34_webp_wm_1,comment_single_image,video,2,69c50a04000000001a02a233,复仇摇,https://www.xiaohongshu.com/explore/69c50a04000000001a02a233?xsec_token=ABBskLpQ7hmjYizAdSBnKgcNkgLofibJz6mw0Phvnvktk=&xsec_source=pc_search,69c54ce5000000000d037b87,小苏的修勾🥕,今天在看国美少女就是说好可爱啊
115,1040g4b831rjtnlvu28dg5nc35kb08tqtl3ecgd8,2,0,2,1,http://sns-webpic-qc.xhscdn.com/202604302338/0da04eed4973ed077a58423835844ef4/comment/1040g4b831rjtnlvu28dg5nc35kb08tqtl3ecgd8!nd_whlt34_webp_wm_1,comment_single_image,normal,2,696e28db000000001a033c1e,,https://www.xiaohongshu.com/explore/696e28db000000001a033c1e?xsec_token=ABnDUxKuiChEXqdkeUmTe3mDU9OsXzhEVHsq8MIc-j-eE=&xsec_source=pc_search,6970e13c00000000040001fa,詩祎屿雨%,执旗人
116,1040g2h031qo7quvjng605p4lnm7qp0rfifqoui0,1,0,1,1,http://sns-webpic-qc.xhscdn.com/202604301507/6ce656fb491bb9aad58dbe7797ba2e71/comment/1040g2h031qo7quvjng605p4lnm7qp0rfifqoui0!nd_whgt34_webp_wm_1,comment_single_image,normal,1,6945711f000000001e02f379,迷上黄婷婷了~,https://www.xiaohongshu.com/explore/6945711f000000001e02f379?xsec_token=ABVefp1SpD1l9pl1F8Ps2V24-6dcZ-6Q_zP6YFGBJ5AyE=&xsec_source=pc_search,695487f700000000160220b9,松露小蛋糕,comment
117,1040g2h031kc60pktk86g5pa8uis38k46ulrvnro,1,0,1,1,http://sns-webpic-qc.xhscdn.com/202604301512/a99c7295de06f7b68f7d4a0ef446dea7/comment/1040g2h031kc60pktk86g5pa8uis38k46ulrvnro!nd_whgt34_webp_wm_1,comment_single_image,normal,1,68820aec00000000170362a4,挡不住的想梦 我们称之为姐感..,https://www.xiaohongshu.com/explore/68820aec00000000170362a4?xsec_token=ABXD9nYTklRZkdgoINHHy7CmbejIiFusqhEp7ovI_JxkU=&xsec_source=pc_search,688393b3000000000602f00c,行く水に,就这个黄婷婷美[色色R][色色R][色色R]
118,1040g4b831uj5emsfia7g5njojveg8v5p6476an8,1,0,1,1,http://sns-webpic-qc.xhscdn.com/202604302243/b5b65fa0eeeb6c4b40cadcdb266f677f/comment/1040g4b831uj5emsfia7g5njojveg8v5p6476an8!nd_whgt34_webp_wm_1,comment_single_image,normal,1,69d251dc000000001f003dd4,建设婷婷家族🤓,https://www.xiaohongshu.com/explore/69d251dc000000001f003dd4?xsec_token=ABfebywJ7FVobHwd4cJOl5B1cAcHBwsWFK8_Xc64R1BX8=&xsec_source=pc_search,69d2683a0000000015001f14,完全可以,sub_comment
119,1040g4b831v58buna2g5g4a4f5bma02n7t2adg9g,1,0,1,1,http://sns-webpic-qc.xhscdn.com/202604302245/58aa3cd6a2a7fb0d509636312bf5e5be/comment/1040g4b831v58buna2g5g4a4f5bma02n7t2adg9g!nd_whlt34_webp_wm_1,comment_single_image,normal,1,69e4854b000000001f005076,,https://www.xiaohongshu.com/explore/69e4854b000000001f005076?xsec_token=ABfLofzTEpm7X_7AFIRrxTGtPAm45I8D-z5YbAIVYSVu0=&xsec_source=pc_search,69e4ee9e000000001401981a,momo,感谢感谢亲 婷婷真的温柔又坚韧 认真又努力 一直在进步哟[飞吻R]
120,1040g2h031kfol95748005omae3agg6409f0dcg0,1,0,1,1,http://sns-webpic-qc.xhscdn.com/202604302250/c71c64a3c0aa3a08b38ac5ba1739a748/comment/1040g2h031kfol95748005omae3agg6409f0dcg0!nd_whgt34_webp_wm_1,comment_single_image,normal,1,68864ace0000000011001d47,存档一些光轨最爱瞬间,https://www.xiaohongshu.com/explore/68864ace0000000011001d47?xsec_token=AB9q9KPggRCnkRqQEkiUZ5AQaESBOaFTV29mz4j3MrcNU=&xsec_source=pc_search,68873ed5000000000f03ccd3,读档失败,sub_comment
121,1040g4b831v1ve6382i705p99a2aal4omd4t4r00,1,0,1,1,http://sns-webpic-qc.xhscdn.com/202604302307/6a10ff104ecc6b80ee05b070f45b3602/comment/1040g4b831v1ve6382i705p99a2aal4omd4t4r00!nd_whgt34_webp_wm_1,comment_single_image,normal,1,69dfadda000000002103ad37,谁橙想！,https://www.xiaohongshu.com/explore/69dfadda000000002103ad37?xsec_token=ABfKAoJYwfLMUqzH0gYNpYEWbP9cG_c7bsQo6iAY_irGM=&xsec_source=pc_search,69e19308000000001401e010,偌夫淫雨,大二迷上了
122,1040g2h031sbl8g985k0049hgtqpt5aq5jrbrpqo,1,0,1,1,http://sns-webpic-qc.xhscdn.com/202604302310/94a6d4d57d439e0255da65dd2da8e92e/comment/1040g2h031sbl8g985k0049hgtqpt5aq5jrbrpqo!nd_whgt34_webp_wm_1,comment_single_image,normal,1,6988a888000000000b013378,,https://www.xiaohongshu.com/explore/6988a888000000000b013378?xsec_token=ABZSAjSa4fublcfIPGJ__Wg5SHR7sCi_rJTYQcQprB4es=&xsec_source=pc_search,69892f46000000001500e1bf,🍞可乐仔,姐姐姐姐
123,1040g2h031s8a8num58005nnt5us0bo0ntvek5lo,1,0,1,1,http://sns-webpic-qc.xhscdn.com/202604302311/6fdea00bf1bc3b364be95c6fe2ff33bc/comment/1040g2h031s8a8num58005nnt5us0bo0ntvek5lo!nd_whlt34_webp_wm_1,comment_single_image,normal,1,69836d5b0000000028009bff,,https://www.xiaohongshu.com/explore/69836d5b0000000028009bff?xsec_token=AB4M4Pe64VtDEgGJ2E4p5D_5ew5u0vtlAW3S5IejgfjPw=&xsec_source=pc_search,6985c2ca00000000040018ef,哎一古要死在绿化带里了,comment
124,1040g4b831ui35kh9j4dg5p4nu7s43snu2h5h49o,1,0,1,1,http://sns-webpic-qc.xhscdn.com/202604302314/6e82ff70671214cc522dad4764d9b036/comment/1040g4b831ui35kh9j4dg5p4nu7s43snu2h5h49o!nd_whlt34_webp_wm_1,comment_single_image,normal,1,69d08754000000001d01dbfe,求黄婷婷的图，想做头像~,https://www.xiaohongshu.com/explore/69d08754000000001d01dbfe?xsec_token=ABeCknpheqhVE4kkYrfGKSoxj5To97w8i-N_7EAj_08B0=&xsec_source=pc_search,69d14f4e0000000002028d7a,离岸潮,俺的入坑图，当时因为也是在抖音刷到这张好美，想当头像，结果博主没回我，为了找图下了微博然后被踹入坑了
125,1040g4b831sst9behlscg5nprcck0bu75pnqgbk0,1,0,1,1,http://sns-webpic-qc.xhscdn.com/202604302332/8d9b966103237ae508e9241e035bcc74/comment/1040g4b831sst9behlscg5nprcck0bu75pnqgbk0!nd_whgt34_webp_wm_1,comment_single_image,normal,1,68d4045e000000001101d87a,这两只的区别是？诚邀大家一起来找不同,https://www.xiaohongshu.com/explore/68d4045e000000001101d87a?xsec_token=AB03GoojzW-9etlewQ9yvpIW335I7Kop1umk1Nz8vXMJY=&xsec_source=pc_search,699adf84000000000800d7a5,T5,comment
126,1040g2h031pgomu2a28005p12a9ckid2d37dtqk0,1,0,1,1,http://sns-webpic-qc.xhscdn.com/202604302337/a92b82cec02c5b7894d658371f7249c7/comment/1040g2h031pgomu2a28005p12a9ckid2d37dtqk0!nd_whlt34_webp_wm_1,comment_single_image,normal,1,692c0b16000000001e02a30d,一脚迈向十二月🏃🏻‍♀️‍➡️🤸🏻‍♀️,https://www.xiaohongshu.com/explore/692c0b16000000001e02a30d?xsec_token=AB_aHaSIyXsLptXiirJfaMp8NOTYZPn1U3hKKIuBG9EU0=&xsec_source=pc_search,692c1c70000000001d024630,哈哈静,哈哈哈，踢腿表演[笑哭R]
127,1040g2h031rjdig03im6g5q613nbmb63kdjndd7g,1,0,1,1,http://sns-webpic-qc.xhscdn.com/202604302338/0cadb3823ca1922603bd25b930693297/comment/1040g2h031rjdig03im6g5q613nbmb63kdjndd7g!nd_whgt34_webp_wm_1,comment_single_image,normal,1,696e28db000000001a033c1e,,https://www.xiaohongshu.com/explore/696e28db000000001a033c1e?xsec_token=ABnDUxKuiChEXqdkeUmTe3mDU9OsXzhEVHsq8MIc-j-eE=&xsec_source=pc_search,69705cd6000000001d00cbd5,「想看閃電撕扯火焰。,comment
128,1040g2h03182c8p6s4a005p64o862ok0b4o529h0,1,0,1,1,http://sns-webpic-qc.xhscdn.com/202604302343/5fb3365e3758680d539fc2b81992bb2e/comment/1040g2h03182c8p6s4a005p64o862ok0b4o529h0!nd_whlt34_webp_wm_1,comment_single_image,normal,1,660e5ac00000000004019f7d,20万人看过的胶片调色教程,https://www.xiaohongshu.com/explore/660e5ac00000000004019f7d?xsec_token=ABaPrzdwWzmvL3QgWrXbahzSa-dA_udSrVL3GqoFj2DTY=&xsec_source=pc_search,66f0522900000000240109a2,浪漫脱敏,练习了一下 很实用
129,1040g2h03128kgjpg1m005ouq4ef9iadmbnp8ed8,1,0,1,1,http://sns-webpic-qc.xhscdn.com/202604302343/882d9a88f7c824cdb1ace968b7a1a67a/comment/1040g2h03128kgjpg1m005ouq4ef9iadmbnp8ed8!nd_whgt34_webp_wm_1,comment_single_image,normal,1,660e5ac00000000004019f7d,20万人看过的胶片调色教程,https://www.xiaohongshu.com/explore/660e5ac00000000004019f7d?xsec_token=ABaPrzdwWzmvL3QgWrXbahzSa-dA_udSrVL3GqoFj2DTY=&xsec_source=pc_search,66321eea0000000004000847,雩风清明,comment
